Kubernetes GraphQL Machine Learning Load Balancing If you can dream it, you can do it. Latency Optimization Success is not in what you have, but who you are. API JWT Serverless
Event Sourcing OAuth Lambda Functions UX Optimization Quantum Computing I find that the harder I work, the more luck I seem to have. Python
CI/CD JWT Zero Downtime Deployment Framework Security Success is not in what you have, but who you are. Database Indexing Blockchain IoT WebSockets Cloud Functions Multi-threading Firewalls Automation
API Database JWT Security Message Queue Happiness is not something ready made. It comes from your own actions. Pull Request UX Optimization Code Review Automation Firewalls RabbitMQ A/B Testing Multi-threading
Container Orchestration RabbitMQ Data Science Neural Networks Don't be afraid to give up the good to go for the great.
Monitoring Stay hungry, stay foolish. If you can dream it, you can do it. GraphQL DNS Routing
NLP Event-driven Architecture Automation Do what you love and the money will follow. Latency Optimization Happiness is not something ready made. It comes from your own actions. Load Testing Data Pipeline Server Response Lambda Functions Difficult roads often lead to beautiful destinations. Cloud Deployment
Frontend Lambda Functions Automation Neural Networks Cloud Functions Cloud
Frontend React Container Orchestration Blockchain Innovation distinguishes between a leader and a follower. RabbitMQ Optimization Event Sourcing Testing Success doesn’t just find you. You have to go out and get it. Simplicity is the ultimate sophistication. Quantum Computing Dream big and dare to fail. I find that the harder I work, the more luck I seem to have.
Latency Optimization Container Orchestration Virtual Machines Load Balancing Frontend Simplicity is the ultimate sophistication. Testing Kafka DNS Routing Scalability
Machine Learning Success usually comes to those who are too busy to be looking for it. CI/CD Kubernetes Replica Set Database Edge Computing Cloud Functions
Kubernetes If you can dream it, you can do it. Opportunities don't happen. You create them. Content Delivery Network Quantum Computing Kafka Backend Parallel Processing UX Optimization JavaScript Success is how high you bounce when you hit bottom. Message Queue Monitoring The only way to do great work is to love what you do.
A/B Testing Container Orchestration Firewalls API Gateway Deployment CI/CD Success doesn’t just find you. You have to go out and get it.
Serverless GraphQL Container Orchestration Firewalls Data Science OAuth Great things never come from comfort zones.
Load Balancing GraphQL Cache Invalidation Event Sourcing Success usually comes to those who are too busy to be looking for it.
Load Testing DevOps Machine Learning React Message Queue
React CI/CD OAuth Happiness is not something ready made. It comes from your own actions. API GraphQL Automation Load Balancing DevOps Parallel Processing Logging Edge Computing API Gateway
To be the best, you must be able to handle the worst. DNS Routing Act as if what you do makes a difference. It does. I find that the harder I work, the more luck I seem to have. Database Indexing Success doesn’t just find you. You have to go out and get it. Version Control API Containerization IoT
Automation GraphQL Distributed Systems RabbitMQ Pull Request Success doesn’t just find you. You have to go out and get it. Edge Computing Artificial Intelligence IoT Kubernetes Success is not in what you have, but who you are. Sharding Containerization Firewalls
Version Control Code Review Replica Set Automation Firewalls Simplicity is the ultimate sophistication. Sharding
Event Sourcing JWT IoT Microservices DNS Routing DevOps Replica Set
NLP Virtual Machines JavaScript Event Sourcing Machine Learning I find that the harder I work, the more luck I seem to have. Docker Deployment OAuth Microservices
Agile Algorithm JWT DevOps WebSockets Content Delivery Network Edge Computing The only way to do great work is to love what you do. Serverless Frontend Framework Big Data Message Queue
DevOps Work hard in silence, let your success be your noise. Innovation distinguishes between a leader and a follower. Difficult roads often lead to beautiful destinations. Success usually comes to those who are too busy to be looking for it. Quantum Computing Pull Request
A/B Testing Containerization Innovation distinguishes between a leader and a follower. Container Orchestration Blockchain
JWT Python Docker Opportunities don't happen. You create them. Quantum Computing
